character_haru_neutral,haru_neutral
character_haru_shd,haru_shd
character_haru_smile,haru_smile
character_haru_worried,haru_worried
character_haru_cry,haru_cry
character_haru_embarrassed,haru_embarrassed
character_haru_angry,haru_angry
character_natu_neutral,natu_neutral
character_natu_shd,natu_shd
character_natu_smile,natu_smile
character_natu_worried,natu_worried
character_natu_cry,natu_cry
character_natu_embarrassed,natu_embarrassed
character_natu_angry,natu_angry
character_aki_neutral,aki_neutral
character_aki_shd,aki_shd
character_aki_smile,aki_smile
character_aki_worried,aki_worried
character_aki_cry,aki_cry
character_aki_embarrassed,aki_embarrassed
character_aki_angry,aki_angry
character_fuyu_neutral,fuyu_neutral
character_fuyu_shd,fuyu_shd
character_fuyu_smile,fuyu_smile
character_fuyu_worried,fuyu_worried
character_fuyu_cry,fuyu_cry
character_fuyu_embarrassed,fuyu_embarrassed
character_fuyu_angry,fuyu_angry
