scene_chat_player_img_normal_option_shd,normal_option_shd
scene_chat_player_img_joy_option_shd,joy_option_shd
scene_chat_player_img_anger_option_shd,anger_option_shd
scene_chat_player_img_sorrow_option_shd,sorrow_option_shd
scene_chat_player_img_fun_option_shd,fun_option_shd
scene_chat_player_btn_normal_option,normal_option
scene_chat_player_btn_joy_option,joy_option
scene_chat_player_btn_anger_option,anger_option
scene_chat_player_btn_sorrow_option,sorrow_option
scene_chat_player_btn_fun_option,fun_option
scene_chat_information_img_morning_pnl,morning_pnl
scene_chat_information_img_afternoon_pnl,afternoon_pnl
scene_chat_information_img_evening_pnl,evening_pnl
scene_chat_information_img_night_pnl,night_pnl
scene_chat_information_img_chat_available,chat_available
scene_chat_information_img_chat_used,chat_used
